ID,Product_Name,Brand,proteinPerServing,caloriesPerServing,carbsPerServing,fatsPerServing,sugarPerServing,fiberPerServing,pricePerServing,buyUrl,imageFileName,isWeightLoss,isHighProtein,isLowCarb,isKeto,isLowSugar,isGlutenFree,isVegan,isBars,isChips
quest-choc-chip-cookie-dough,Quest Protein Bar Chocolate Chip Cookie Dough,Quest Nutrition,21,200,4,9,1,9,1.6,https://www.amazon.com/Quest-Nutrition-Dipped-Chocolate-Protein/dp/B094K6VJ9Z/ref=sr_1_2?crid=2XPUNE3CQHBA3&dib=eyJ2IjoiMSJ9.fdVAa7MEs55WEHy9WKyuHGOmvAsocmamyzc7J4FPO-KgMs-agXBjkDSGTTY3ll5V3u_4nUJqxjzgQr83Dj0b37suiTZJ5JJamqo6vDKlPhNPt2omwiKg1d5TzJufHcAwsXGCBCp-qdFTTPJThTYsqHrFfAsrHUtRRMNLpXlZMk5hY0qk6eYq2i2HlW2d7YSqnEmAGo8ix0iYON3NRteU5hSVCWA-AwRgwahIVWW_1Hk5rF8SHKNyQTYxIOb_8oqQXxWknCsC0NqxbWm-KmcVDvZgMZ53f1fOPCuexJvWhbI.GvhpGshbXU80CX7tEHT8JpqYJBMQq2gncLR23nWTaW0&dib_tag=se&keywords=quest-choc-chip-cookie-dough&qid=1763513360&sprefix=quest-choc-chip-cookie-dough%2Caps%2C825&sr=8-2&th=1,quest-choc-chip-cookie-dough.jpg,,,,,TRUE,,,,
quest-cookies-cream,Quest Protein Bar Cookies & Cream,Quest Nutrition,21,190,4,8,1,13,1.6,https://www.amazon.com/Quest-Nutrition-Cookies-Protein-Friendly/dp/B00I0DI0Z6/ref=sr_1_2?crid=3AZ09T3VW32P&dib=eyJ2IjoiMSJ9.Y7yMqpoNKcs19Naf9dg4xTG1408lDME0e_iCfg-83O9DqFJw2PpnmmEKznBDGul1HexC3zPrwZ0Qf72JQUB6IjuI79tbcMZxVMrDgRUSL9dT3UakJuFpq3lKRYsD3rp_Q0c99E1_OpCyUwxjlDz2JUwMB9uNLM8wlXLfHElx4azYZk2S-D1HgppN8a2LsFNpall4wERks4pp5uC_-vlzEcIcwxbvRZlNcs3bcIInI6PW13FG08zYont8M9sxK5s7guVohZ-m8Cl1UOLd9TI7x6rU9ixyNRlZzlfD_girfxY.7WvxwxT5q7i74YxkiES1TkELYvP_m5Aw7xcXTqhV9TI&dib_tag=se&keywords=quest-cookies-cream&qid=1763513529&sprefix=quest-choc-chip-cookie-dough%2Caps%2C905&sr=8-2&th=1,quest-cookies-cream.jpg,,,,,TRUE,,,,
quest-peanut-butter-cup,Quest Peanut Butter Cups (2 cups),Quest Nutrition,10,190,3,12,1,4,2,https://www.amazon.com/Quest-Nutrition-Candies-Protein-Friendly/dp/B0D65KFHH7/ref=sr_1_1?crid=1MX4Q0WR2Y0OI&dib=eyJ2IjoiMSJ9.4Jss9kDTpw0O7QlnSCzbE-diBdp_NPLvfPKbGmms_g0bMqV1moyCLUasxpHogBbb9LHFC9KBdtKvyriiAzI6O_RXePoc6a96b3wG9siELVgRQBTYctaS4EH5SqX3SzlwUSOBG8HNVAXKnGb9EJW0lnr2mihc54r5K5Fzd_tPWEHA8x8IXkThO2Kl5z4bHJ5mZgcOpCs5YTU1cYaoB3UTr7W6PWugI78heCGYsQZcZzNIUOt9jarVBoEN-2zhBYLk-Qn_W4u0j5_a8zSMv7GBpdjVKM3IMaQqHfJRfxP6AcY.7gcJsLvo2xyfF7I5tvJ6CC8DbVJRe2F4oj-GqoCA_CU&dib_tag=se&keywords=quest-peanut-butter-cup&qid=1763513724&sprefix=quest-cookies-cream%2Caps%2C855&sr=8-1&th=1,quest-peanut-butter-cup.jpg,,,,,TRUE,,,,
quest-birthday-cake,Quest Protein Bar Birthday Cake,Quest Nutrition,20,180,4,7,1,12,1.6,https://www.amazon.com/Quest-Nutrition-Birthday-Protein-Friendly/dp/B0764FYSNF/ref=sr_1_1?crid=24DANWBYOT813&dib=eyJ2IjoiMSJ9.ESaVCqWnvAUJSV37ysRwsC5iNFilpjA-9WLv1wI_qfjFanUttGCvLC6lkwn7g15hEjiQ_iMkmBdyswE0KGSsod0QdPwTzYRfwy6uCLEpCdd5v-9ZszLC6Naf2Ugw1kpPgFsaZPUf3Lllfqeg-UXh4s2tBTAlQzfRb0FRRo2C6XNEjVOX8xuBy9_6ep0VJG2ELOBn9ZjaLwdQ8rxvl9PDkwfQvV1tv8q6dn-WHiRsuoXJ8zwi2RW0-VsOpbQTuIgkeUJEdPuL9KSS1zc5A-FI5sFlAY53F7MsnQ69kqRyawM.vG3jHuXnhmC9dSfkVhoA9DY3fTH--TJ3t2sdv1aYvVc&dib_tag=se&keywords=quest%2Bbirthday%2Bcake%2Bprotein%2Bbar&qid=1763715013&sprefix=quest%2Bbirthda%2Caps%2C356&sr=8-1&th=1,quest-birthday-cake.jpg,,,,,TRUE,,,,
quest-cheddar-blast-chips,Quest Protein Chips Cheddar & Sour Cream,Quest Nutrition,10,140,5,7,1,1,1.9,https://www.amazon.com/Quest-Nutrition-Crackers-Cheddar-Protein/dp/B0B5M5YB9G/ref=sr_1_1?crid=28MOMM51DYADT&dib=eyJ2IjoiMSJ9.BS3Z7jTtp8ZmLhdFAgUgQSUpgSlpk6SrjN30ihzup6Aww_vhHBOsnLlF1R2-eIuhc4BoewMZzwLSVC2P0aljU7azpXGtE0eT_npQKH4jwaNmPY6NSQ4uzIb5NzvlPlox-XrhwCnINy1zG3xvaf7VzYgCrpmoDETf7vbmoef6AgUgpsRp_CnzU5Dg9H3zqHCsQjMtYUa8vmWxQFpdCboNZl2V5393YQsrMybMpBW9at-_-yGr3i1aP1n7X1N9QBFcKHDMoC1e4qYmWlWc01EqMc9843rc65c8ZHr5SWWsb9k.B4W06OlVeOaAsAr8lr08eQMwHMA3sqP5eeRgVUnfR7M&dib_tag=se&keywords=quest-cheddar-blast-chips&qid=1763514137&sprefix=quest-cheddar-blast-chips%2Caps%2C547&sr=8-1&th=1,quest-cheddar-blast-chips.jpg,,,,,TRUE,,,,
quest-protein-chips-nacho-cheese,Quest Protein Chips Nacho Cheese,Quest Nutrition,18,140,4,5,1,1,2.3,https://www.amazon.com/Quest-Nutrition-Cheese-Tortilla-Protein/dp/B0FHJ7LGM9/ref=sr_1_1?crid=195DKPXRX8IX2&dib=eyJ2IjoiMSJ9.BtKDy8oMOokLhFys7D70x--reiPMOs2oG9crl-zREdcI6EtDvMqI5QNLgDa713tFf4KIy3I5A32bzHL_jBlmjlkfSY3nJ9lePw9lCq02S72GhdrXEy1Q5hezjgIfoAW-DhG4cjI_81Hc20afvikQ_6bv5XHQGQtsjYYiwiuVri_DGUNZsiykbG9GfxDikra5j8EsesUg-9dqowvMLntYF2_mZMTigcBgTNQy86Fy8haR9dz-YfVui0JJrorygXRRnY636Xd1lZd4TNK1HXmxqGfPeunuZTfmv60Jl2voAME.8G5i2KHhGPZcAz-jZn_yjvVB1cf_4Q3NCjP-J3oIucE&dib_tag=se&keywords=quest-protein-chips-nacho-cheese&qid=1763514436&sprefix=quest-protein-chips-nacho-cheese%2Caps%2C824&sr=8-1,quest-protein-chips-nacho-cheese.jpg,,,,,TRUE,,,,
rxbar-chocolate-sea-salt,RXBAR Chocolate Sea Salt Bar,RXBAR,12,200,22,8,13,5,2,https://www.amazon.com/RXBAR-Whole-Protein-Chocolate-Ounce/dp/B0143NQVQ6/ref=sr_1_4?crid=1HND7JWH7OXPM&dib=eyJ2IjoiMSJ9.dmZYaNkTeBMIDhBwoocU-4NJ0mPkbt6Y4j5bxZMWXuILblypW_0wbXRonviBI2ZZeQ0IFHjIYAU3uq5H4NzDK0GcE-yCvUEw9YQkDP8JtA6j2GQxmTxaUKY_dOWP8ampANnMWK9vlCAr2JPxUYHn8K1jjKLBrWgwygsTKxPAELBZh3F-sI8ekK5PiXzKA-TWp2EJ1fzO7zc_suD_3CNtIdYOYNAKRQKagF9fi3OczGP2VCih5AOdBHE1dilzgde8g7fbaXAhMT3MraIDy20C9wOR3pFdI0IHBvZx7hk0cVo.YmiOHH_l1Ie9nDebnVA3tinMY2ronR3dwuYYs-u6KMI&dib_tag=se&keywords=rxbar-chocolate-sea-salt&qid=1763514807&rdc=1&sprefix=rxbar-chocolate-sea-salt%2Caps%2C569&sr=8-4&th=1,rxbar-chocolate-sea-salt.jpg,,,,,,,,,
rxbar-blueberry,RXBAR Blueberry Bar,RXBAR,12,180,23,6,15,6,1.8,https://www.amazon.com/RXBAR-Blueberry-Protein-Ounce-Gluten/dp/B0823BY2P8/ref=sr_1_2_sspa?crid=279T7OVGU211H&dib=eyJ2IjoiMSJ9.S4iUH9TNoUSeDxK3rQ_vDBhij7QOWh-b844tijMHfeRsiPnp_GwuLk9QBcUFAJl6Lcj0T_HcXiV1bHa4bl9pDzlakOEIIAzkTjg4oB_D2baTSKiXX8nN-k84_eJ9rZmq7M-cIfmC3NRP6wcNJliXZNFjcuDx96mOP-sFQ7zZShdU0gBBc5GnKlC1bONCJHwF4iOgXEk49SBhKN-32gKiFHmFR3g0ID9g72Tvru51AjHqOhZ9mmrlcMEBnJ4zCla-sK1X4KPjxTK3RKjDAwLZAZV6JXBr8OUZbHZKjxnuIXA.thWhKDTMWB7M9MbQHcYO5otZjG9wwVozAdqtU71vY8U&dib_tag=se&keywords=rxbar-blueberry&qid=1763515206&sprefix=rxbar-chocolate-sea-salt%2Caps%2C880&sr=8-2-spons&sp_csd=d2lkZ2V0TmFtZT1zcF9hdGY&th=1,rxbar-blueberry.jpg,,,,,,,,,
rxbar-peanut-butter-chocolate,RXBAR Peanut Butter Chocolate Bar,RXBAR,12,210,23,9,14,5,1.7,https://www.amazon.com/RXBAR-Protein-Peanut-Butter-Chocolate/dp/B0CJZY2ZS5/ref=sr_1_3?crid=1W55G3JED79PH&dib=eyJ2IjoiMSJ9.d4Cu7oyBsByewbmuCwDwGc0IKyhPx_4RWXTeNxu2x45LmkT3T0lfgADKxX5O9qjwXgVaMQtBUSqX7rmIXuh--Wq3uNVvzazECIlRz6ei257-IqiRR6Kh7uF5g-1M_8FhvsOMbeXOQ44EXBq1ODapb1uOsmhGZ5c6IO6w2mnBEsAeFmI7qBahUMEsdk7-tpxB5knmyyuv11zPnbGueo5giaF5U0hNNY0nh4fh8Z1_WwIlfUlXt8iDhWQr7J8p2sM6TlhrNz0ND7K5Pj4WHul9TtW1NTOZmjPfyYXIVce1yQ4.L1RqlCzC48B30fFU0EuuLdwPhu1Z1Sz2Sq7GmeC1SWA&dib_tag=se&keywords=rxbar-peanut-butter-chocolate&qid=1763515782&sprefix=rxbar-peanut-butter-chocolate%2Caps%2C592&sr=8-3,rxbar-peanut-butter-chocolate.jpg,isSweets,,,,,,,,
built-bar-mint-brownie,Built Bar Mint Brownie,Built Bar,14,140,18,2.5,7,1,2.9,https://www.amazon.com/Built-Puffs-Count-Protein-Bar/dp/B0C5QCYZTH/ref=sr_1_2?dib=eyJ2IjoiMSJ9.76sCFlrj0pwo0OK-1kwaCYVnaqzB8Vad73GSRG43lntM1BNMxsQ_Iunu1cbPYCw_OsvoEP_qV9WNGMfoiENJSS0qrjsIdOsufs-kzjdhjG0.VEJSRm5UeV4Du0ils2vEJiGjOt81an-f1-fTGHi-dCs&dib_tag=se&keywords=built-bar-mint-brownie&qid=1763516726&sr=8-2&th=1,built-bar-mint-brownie.jpg,isHalal,,,,,,,,
built-bar-salted-caramel,Built Bar Salted Caramel,Built Bar,15,130,18,3,4,6,4.9,https://www.amazon.com/Built-Bar-Pack-Protein-Energy/dp/B09M96KGNJ/ref=sr_1_4?crid=EH2LBM5SOBFC&dib=eyJ2IjoiMSJ9.G_3l70yJT2aTPVAL3hZmE5pIz5ZzHv_OBGQhBg3W88e8x7WQqpYiHv67UROWBZqKUUU-UIi2BMYTzYJ-mxcCQjjE7HeZsK1pIEy2cH2qcrT4GkcnFwLPXqaWBq1F9QMwkvM62tU9ZsdK7F4IcYk-Ww.oaelQJIkuvrb4IhDdsDd1lWdovDTHvK0hn_03pchosU&dib_tag=se&keywords=built-bar-salted-caramel&qid=1763517076&sprefix=built-bar-salted-caramel%2Caps%2C634&sr=8-4&th=1,built-bar-salted-caramel.jpg,isDairyFree,,,,,,,,
built-bar-cookies-cream,Built Bar Cookies & Cream,Built Bar,17,140,18,2,7,6,2.9,https://www.amazon.com/Protein-Chocolatey-Collagen-Bar-calories/dp/B0D7PS26VG/ref=sr_1_11?crid=I207DKEDHDU9&dib=eyJ2IjoiMSJ9.m776Uk0F3487Ch_EJwWQU-6gFmYBRMjaJD2GHmk1uebjRTLwsuwPq0hJ7gPLun9WJk9j-laqwCUt1qj8ONCvF80dyiv6Z3wLrlECBy454L4ceHKFaW7UVnCdFctCU8ga3AKfjNIbpTPGhl7dtrx-42Vu9F3i4ViHzfLo_OeDJgnrarqykEz9UDPlz6szYBwV0rNqYI-WuuMZ1qpbOSN6Zg.tBB7w5uPu0LIphn_S3PztNN4aK1vPg_1PqU2YPlshNw&dib_tag=se&keywords=built-bar-cookies-cream&qid=1763517173&sprefix=built-bar-salted-caramel%2Caps%2C815&sr=8-11&th=1,built-bar-cookies-cream.jpg,,,,,,,,,
kind-protein-bar-dark-chocolate-nut,KIND Protein Bar Dark Chocolate Nut,KIND,12,250,17,17,8,5,1.5,https://www.amazon.com/KIND-Protein-Double-Chocolate-Gluten/dp/B0777W3R15/ref=sr_1_2?crid=35XP3YVDWLXDF&dib=eyJ2IjoiMSJ9.s5He6TJsd9prhsUWisKmU7jLDT5cKy8nJ-3-YtUVzwdP4Pid_7j7yHX2Q9ua-G5tbqjiTknBvg3YTowXg8BjoFX1OXsm7NutdmqqGzk-HwcaRfokg2lVhvCbVCVqes1yBKB9hTcK0ghnDimCOiuLCk5czsYDU4ZI0VyQXDiJ80-b05o0wrv4q71lgYzD9s0KAIxUS-Zk4tNDjwfInml3kjvJjelFShu1u15pZM-dAQbJ9fL31nWVCq7IC_DWhKYPtsT5D7EVkxnqOsu2K4Z12xi-GxGvqM_Hs2NZyQCxSK8.JTm2WkWzzUCLFoXOu90Wf9Qqfp2uXJ-3wQPOHJ2QvQA&dib_tag=se&keywords=kind-protein-bar-dark-chocolate-nut&qid=1763517262&sprefix=kind-protein-bar-dark-chocolate-nut%2Caps%2C565&sr=8-2&th=1,kind-protein-bar-dark-chocolate-nut.jpg,,,,,,,,,
kind-protein-bar-crunchy-peanut-butter,KIND Protein Bar Crunchy Peanut Butter,KIND,12,250,18,17,7,6,2.5,https://www.amazon.com/KIND-Protein-Crunchy-Peanut-Butter/dp/B077TZPVX6/ref=sr_1_6_f3_0o_wf?crid=13SZ7Y8MHBR6O&dib=eyJ2IjoiMSJ9.xwARECkCL7-G-j8WmeIW7yvFb1NiV6uv8LrK6dK-UlQALZu5tBaXjTWw6u-iwJA0CTP48POIbjVLgmUCHbQhxmMTXHqyikPDPtxUNu9UwpA92N-spxwv5BiqqwAYrvwR5nJyan03P1jT52tuja8o4ieHw1vLDWDNIy1GXXNilpIxvkk-6ebLpX_DlODI53Xenhf6FAb-8LV925KbqbCkAbYoh6Ix8wKBueLnq_pLVpoVtszRUdEpzobNuMlRol9TYX9N3BcqFO1djJwiuHOuFcKHGMuvlhHDooA0vv1OXz4._IJWpiUr82hvlnOUHsKcZGOr3_RZzYxdxOP5g_fUYoA&dib_tag=se&keywords=kind-protein-bar-crunchy-peanut-butter&qid=1763517430&sprefix=kind-protein-bar-crunchy-peanut-butter%2Caps%2C680&sr=8-6&th=1,kind-protein-bar-crunchy-peanut-butter.jpg,,,,,,,,,
iqbar-peanut-butter-chip,IQBAR Peanut Butter Chip Bar,IQBAR,12,180,3,10,1,9,2.1,https://www.amazon.com/Protein-Peanut-Butter-Friendly-Alcohols/dp/B0876HZ2VX/ref=sr_1_1_sspa?crid=3GQSF3QXW412Y&dib=eyJ2IjoiMSJ9.ssJUqxI7n3Nz9u2oT3tADSDvRLGF8HCr1o7zHDIjbVR8penQcBW1bZt8hQpYXvNdHBNEgpMwncUTA35mnC-mq1qnW4UBFJiL6gogRjPUYYPKbU2DH9PssyMKrnjrB_4x4i1hrBHkIRk7Ld53DPhNWvtmwYq5sElQW-ophZ43qzPtq4dfuIeOJE0YlnEEJGvJu5JRj-4ecppQ0SKRMUKc4uRnjdcpBF9hDt0uXBwHagl2jQqGCd8nmB7QLpEqPGlZT-8h_5tR5F_rpQrVgO9nWZDISqpn6gTcYa6jYeHsq1s.YF7te9h3rnb52eVp-yta9c08YMkWsZWAAltjSdhGWSQ&dib_tag=se&keywords=iqbar-peanut-butter-chip&qid=1763517547&sprefix=kind-protein-bar-crunchy-peanut-butter%2Caps%2C982&sr=8-1-spons&sp_csd=d2lkZ2V0TmFtZT1zcF9hdGY&th=1,iqbar-peanut-butter-chip.jpg,,,,,TRUE,,,,
iqbar-chocolate-sea-salt,IQBAR Chocolate Sea Salt Bar,IQBAR,12,170,2,12,1,8,2.1,https://www.amazon.com/Protein-Chocolate-Friendly-Gluten-Alcohols/dp/B0876LNH8Y/ref=sr_1_1_sspa?crid=1ELNXCQN5KEUH&dib=eyJ2IjoiMSJ9.fo4jEAoRxKpurqOSpFN0VC1xJfsJy6ZyDtguWsst9_ea2NT1_caZkqRlR1s47D6m7WOFMwwNNfyizbDPXq_LPFL8ZUNyOga0DjwjjM0IQwPnt_B15j8mWF9l7vJIdhAJhFBj7grWNniK1513ZD9-fELMzGBuLS2kIkmcZE3xoP1h6p2JyBYub8Le_6tjJHlubGu3ylf49uOJ82cMOVrZrcuClviFsmW78t9OrhrhANrOsp3LKwTIV_S5cxnxlIA0tmyIIMcgg8wDhWTvsIQj0VkO1b_rl4CwQxFFoFEtYbc.JY-8_0B0rbaX6Nr5u1MsplksFIWOBhEUKPHASBCOf0Q&dib_tag=se&keywords=iqbar-chocolate-sea-salt&qid=1763517691&sprefix=iqbar-peanut-butter-chip%2Caps%2C859&sr=8-1-spons&sp_csd=d2lkZ2V0TmFtZT1zcF9hdGY&th=1,iqbar-chocolate-sea-salt.jpg,,,,,TRUE,,,,
chomps-original-beef-stick,Chomps Original Grass-Fed Beef Stick,Chomps,10,100,0,7,0,0,2.5,https://www.amazon.com/Chomps-Grass-Fed-Finished-Original-10-Pack/dp/B07D3NS8NW/ref=sr_1_1?crid=3QGOSZHYUZEW5&dib=eyJ2IjoiMSJ9.0bdz7Q5N8PoKR009Z61QEq9hULAoynCldzrMTkP1eF926pp2hMjGTuTcMYhdTIHAuuM4vqevdoqwR-xeAUxILIN2vYkNY3jpOnhQF9AILTW0jJ36cqf8EQ3Gdbx2XtRpngVzPa9WXovI53kQ1DSa5pEG1nsm014SEe7NfjKyfg0Pv3uB_xiaa3BlGv1m07VNRd6WZ7DNtBTmGh4c7p_6bYu5Ehri6osUfprY5BndJorhPrTBJQlTKDehDHYccs4I_vcOsVJndj30rAegA9GI-K1NieiGW_4YiWyj4ugaulM.JyGuYXUa2EYR9q7gy39Zyvjj0lG8iJ5MsCNQ8WSahw8&dib_tag=se&keywords=chomps-original-beef-stick&qid=1763517768&sprefix=chomps-original-beef-stick%2Caps%2C582&sr=8-1&th=1,chomps-original-beef-stick.jpg,,,,,TRUE,,,,
chomps-turkey-jalapeno-stick,Chomps Turkey Jalape�o Stick,Chomps,12,80,0,3.5,0,0,2.3,https://www.amazon.com/Antibiotic-Friendly-Whole30-Approved-Non-GMO/dp/B07LD164WL/ref=sr_1_1?crid=2T88NFU41AROA&dib=eyJ2IjoiMSJ9.ztcxAk0J92o-NWV8dta5ASTxkgQt55u-CB2ku5xX91AuOlDo36jozcLG3qZRW-njoMYw-1OoH4sL53T88xLogDEjms8VlgBfLNk5DHz5UWa4862uqWFvzSOIy_jNWhDenjTeE0e5RyfIddPVhLU2aSCSVtfwMwZNRW-NJfl4HYJf6YdduMzDgPzI-oM3v6THsTdqXV1lLRsXzcGhfwuG6zfNsMqWUm5J_Z-2E7UqAwnUjDlwHLm6n7Y1iOxoge9cFaYTRukXnXxtFIwZXGxiaqvjikImPq_XIsoVnUUlswQ.UcTLq_nxdw9ePoBVzqkl9G-zq2kqwFR-WkP0oDMgiI0&dib_tag=se&keywords=chomps-turkey-jalapeno-stick&qid=1763517914&sprefix=chomps-turkey-jalapeno-stick%2Caps%2C576&sr=8-1&th=1,chomps-turkey-jalapeno-stick.jpg,,,,,TRUE,,,,
epic-bison-cranberry-bar,Epic Bison Cranberry Protein Bar,Epic Provisions,7,130,8,8,6,1,2.3,https://www.amazon.com/gp/aw/d/B00ET7LPK4/?_encoding=UTF8&pd_rd_plhdr=t&aaxitk=04e9b264138d78e2edc7f30d0ec1b1d8&hsa_cr_id=0&qid=1763518053&sr=1-1-f02f01d6-adaf-4bef-9a7c-29308eff9043&ref_=sbx__sbtcd2_asin_0_img&pd_rd_w=j4zIF&content-id=amzn1.sym.e2c9099f-6964-4dbf-9ce9-8bc2c1a8ec1a%3Aamzn1.sym.e2c9099f-6964-4dbf-9ce9-8bc2c1a8ec1a&pf_rd_p=e2c9099f-6964-4dbf-9ce9-8bc2c1a8ec1a&pf_rd_r=0BE766FQR88ES942Q6A9&pd_rd_wg=WFWzO&pd_rd_r=e4be900a-aedc-4610-b4cd-cef8f551981b&th=1,epic-bison-cranberry-bar.jpg,,,,,,,,,
whisps-parmesan-cheese-crisps,Whisps Parmesan Cheese Crisps,Whisps,13,160,1,12,0,0,11.5,https://www.amazon.com/Whisps-FAMILY-Parmesan-Cheddar-Protein/dp/B08LN3F13D/ref=sr_1_1_sspa?crid=2SFZEAJB3EO8X&dib=eyJ2IjoiMSJ9.iRJ64e6dWWAKBB5RKia1AOQ9VyRZd5K3EG7_RiF7s22jDdDSMBOSrX60X9uxqnlk4jb_4vhhri5wPtEl3yZaBr9vUkgdrLdNYBlXm37mI4Hs_3ixaC5OMwm7hNa6Q41Kii4dqURqrPnwGBCMVY5KhwSoOimVWlvKrFsalMrldZ4URJBHi0kpBuzy3bWOennX2iFZuhYxUIa6-3rH5Xh3LZBFylPun22wF11Ppnc1XI_YB-4VMG1-yEJ0KYWKl1XmddDA3RN1dNo5qJwM9AC46pItDq-TRsaGI-of0m_lQFQ.dhhnM_Hk-LTw2DqDsR3sWLwrRewIFR3MOVGItb0dFlI&dib_tag=se&keywords=whisps-parmesan-cheese-crisps&qid=1763518217&s=grocery&sprefix=whisps-parmesan-cheese-crisps%2Cgrocery%2C584&sr=1-1-spons&sp_csd=d2lkZ2V0TmFtZT1zcF9hdGY&th=1,whisps-parmesan-cheese-crisps.jpg,,,,,TRUE,,,,
magic-spoon-peanut-butter-cereal,Magic Spoon Peanut Butter Cereal (per serving),Magic Spoon,14,170,10,9,0,1,10.5,https://www.amazon.com/Magic-Spoon-Cereal-Variety-6-Pack/dp/B0BX73JWBX/ref=sr_1_1_sspa?crid=2NVZZKRAQ1R23&dib=eyJ2IjoiMSJ9.oYNYp62LIj-7SVUzEGRJC1-C8DXdRTeYtSxDMIE3phMzlbuydMoAknI_NKSv7JEszDtslI01PaVwOV3tOqx6WYcWyYIQ4Wb88Lv2UKGlenuqRJ423lYMUW9tsqynGguZ9z_Fg2aYOF8Vgr_fRzorkZbjhfmz_m6pj4xHi5GNnAFHmK_bR9p1KrgPFBZOC7tOLyjLHFswXvR_9nz8Pzq-sBuxhq-HCcsHjjuxuzzeplno2bNc56dpiyC66wQg2hbh0eDghgHoVSMsBHrViZQ_ek911Z4pWsMdHFJryQRZJbI.8ZF2YC-3KPil7azhzGnYMlpyXZr9MHg7GCjQRMbJ8Qc&dib_tag=se&keywords=magic-spoon-peanut-butter-cereal&qid=1763518351&s=grocery&sprefix=whisps-parmesan-cheese-crisps%2Cgrocery%2C778&sr=1-1-spons&sp_csd=d2lkZ2V0TmFtZT1zcF9hdGY&th=1,magic-spoon-peanut-butter-cereal.jpg,,,,,TRUE,,,,
lenny-larry-complete-cookie-choc-chip,Lenny & Larry's Complete Cookie Chocolate Chip (full cookie),Lenny & Larry's,8,210,30,6,12,5,1.8,https://www.amazon.com/gp/aw/d/B004IJM4OY/?_encoding=UTF8&pd_rd_plhdr=t&aaxitk=d19d5a30471f7a67c016a0831134c326&hsa_cr_id=9582239100401&qid=1763518535&sr=1-1-9e67e56a-6f64-441f-a281-df67fc737124&ref_=sbx_s_sparkle_sbtcd_asin_0_img&pd_rd_w=bWJRH&content-id=amzn1.sym.9f2b2b9e-47e9-4764-a4dc-2be2f6fca36d%3Aamzn1.sym.9f2b2b9e-47e9-4764-a4dc-2be2f6fca36d&pf_rd_p=9f2b2b9e-47e9-4764-a4dc-2be2f6fca36d&pf_rd_r=MG58TCWHCMRWN7QQEHQB&pd_rd_wg=EIkoi&pd_rd_r=438228ed-c23c-41ea-9513-26f68db23f5a&th=1,lenny-larry-complete-cookie-choc-chip.jpg,,,,,,,,,
quest-ranch-protein-chips,Quest Protein Chips Ranch,Quest Nutrition,19,140,5,5,1,1,2.29,https://www.amazon.com/Quest-Nutrition-Tortilla-Style-Protein/dp/B07RQVPYT7/ref=sr_1_1?crid=1OOIJQE0CPM3P&dib=eyJ2IjoiMSJ9.DVD5huWfUbW6F8KXIyUAawd97X20VnYhcdgHbh06w_FrDCLmwe9Ihg9_NIE4-MfN6WvHD4Etj-hiEo6jPd_sOHko32jYRgsdzWPEes7YpM92LCrR_bbhZbEyQfEbRDe-bk7L_fgiTbhFMT_XHviutsnG5wM9d1ctokxfXHri9XG2kzw0pH0oNmFglXS3L5z-o_pMq35n5vewBb7IL5rvbiBatirMJygYzhEmdXC2JCIRDcQYWcVAoxY2S_oR3I5VFLpN_HHpYU7JCLiulr_fJts1bHoimKrFeXRkkLcRRwI.OrE5uIdoEszfD1LJHv1rwrVnWFUTOC5Q6tYTO0dqsKs&dib_tag=se&keywords=quest-ranch-protein-chips&qid=1763527393&s=grocery&sprefix=quest-ranch-protein-chips%2Cgrocery%2C521&sr=1-1,quest-ranch-protein-chips.jpg,,,,,TRUE,,,,
quest-choc-chunk-cookie,Quest Protein Cookie Chocolate Chip,Quest Nutrition,15,250,2,17,1,9,2.25,https://www.amazon.com/QUEST-NUTRITION-Chocolate-Protein-Cookie/dp/B07JMP7DYR/ref=sr_1_2?crid=1GPN9OOW523BL&dib=eyJ2IjoiMSJ9.tIF8arcj8Sur8iAVW_NR5U6phcQ9houKMmHoxwGM9BmwPi6ipyj2LocWr-ai0C9LvtwmiSNToBCZak1bISwqrBUzEjHAWP7CivLb-1LKvy25dnVuBTzNlHruul2G602iU37an1zfqDq2teG9JHYY-IhWYs977ViCjmzRo9EvWXzb1tdNXFX1YbffCcChvh9QD41VVmlLDNcHz7cUHpPtuhEiDTGfZvHVAO_t7Sp3dySQRFL71iP635d6WnI7w9pukctXm72v0iF24d06okdy6NZRNxrFnjxkZGN1Z8f804s.a6y2HoS0_uLrnFZuRk3dfmpNByCLdyJ-2umUx2-OE-o&dib_tag=se&keywords=quest-choc-chunk-cookie&qid=1763527588&s=grocery&sprefix=quest-ranch-protein-chips%2Cgrocery%2C782&sr=1-2&th=1,quest-choc-chunk-cookie.jpg,,,,,TRUE,,,,
quest-peanut-butter-cookie,Quest Protein Cookie Peanut Butter,Quest Nutrition,5,210,5,13,1,11,2.25,https://www.amazon.com/NUTRITION-Peanut-Butter-Protein-Cookie/dp/B07JLQTN5P/ref=sr_1_1?crid=2M0ACE0T0LMJW&dib=eyJ2IjoiMSJ9.EtDiXgwUXl31KAzN6AZy02fM_jWKlgrbzd35RmT5daXzI6pO_J6Atw8OsdEDkRDThy2zvj2rPnZ3j6qjzU5fuAfzdEOv-iU7XFtFIC1eO59pDVu98vOZssEF9N-x8_PAkjeYm86IgeKNXS2HJf982qKhsKUaCh4vxYrP2vpA4M3-x_2sfk72CGFaVyUfVNmgQEuUfiAKQ4N8qoA5c65UfU8vDu79jRLBYatyt2OSZcrOznSrUk22KE7jlNL5sEqPwLeufmActc7Cm77UTEULctgFV85Y_3s8hhBB8-X6hSU.L2Qnpi-PEIm-gq_r0lE9DX8FCEZDK5LG56P9xvdO4Jg&dib_tag=se&keywords=quest-peanut-butter-cookie&qid=1763527815&s=grocery&sprefix=quest-peanut-butter-cookie%2Cgrocery%2C630&sr=1-1&th=1,quest-peanut-butter-cookie.jpg,,,,,TRUE,,,,
rxbar-maple-sea-salt,RXBAR Maple Sea Salt,RXBAR,12,220,22,9,14,4,1.58,https://www.amazon.com/RXBAR-Protein-Best-Seller-Variety/dp/B089LB3SH7/ref=sr_1_4?crid=3POWEBXV0IWRC&dib=eyJ2IjoiMSJ9.XzKr_Ozwsdn3ZVs0fRj9c5Tc5UCZ_PJ0p3fQGgy84PDD8qn3XBoKdgKrDZBaC7zH8QpG0xPd5WTZvG5nxnw5WYX4LLpEIZNRSOYnPDKleM4.zmUCdRempf4aeb8hGwxy37-sV6lOUD7jvaYtfp30tc4&dib_tag=se&keywords=rxbar-maple-sea-salt&qid=1763527955&s=grocery&sprefix=quest-peanut-butter-rxbar-maple-sea-salt%2Cgrocery%2C912&sr=1-4,rxbar-maple-sea-salt.jpg,,,,,,,,,
rxbar-coconut-chocolate,RXBAR Coconut Chocolate,RXBAR,12,200,23,8,14,5,1.58,https://www.amazon.com/RXBAR-Protein-Coconut-Chocolate-1-83oz/dp/B0143NQVI4/ref=sr_1_1?crid=2QDVO66UW2S2V&dib=eyJ2IjoiMSJ9.p7Ya5Tbp6BDU9Bz8-dk86L2zXofPw2Cpjlo9SnprT1vr8Xic2TqU7qkqK3fICT1PKFmF5M16Jb6BBt7K5GTM2i6g4wSN-gCaDJ1wBOqXYS-ob8_1vjW-uNuo4QEm-1vsh5hUtfw4PATTpEoihVOcT4dxo-u6LYxVvO5Jk4i_iUwzjYXn7R7qiGCo4gefghGaRUZyqAwvOJff6ZrAa3VrzvgVWUifKFcAv3FGoA1zafe2UxWaJAevW2AHz8Wkt4VY-PFCY7pGEPH2jkG9E_3OVZhkZvpa7NDZOB1bjAkRT1U.QY1qD3JwK8OdJQYpZ6cu73YpNR7Y08g6R7cx01ZWTEI&dib_tag=se&keywords=rxbar-coconut-chocolate&qid=1763528357&s=grocery&sprefix=rxbar-coconut-chocolate%2Cgrocery%2C774&sr=1-1&th=1,rxbar-coconut-chocolate.jpg,,,,,,,,,
rxbar-apple-cinnamon,RXBAR Apple Cinnamon,RXBAR,12,200,23,7,14,6,2.19,https://www.amazon.com/RXBAR-Honey-Cinnamon-Peanut-Butter/dp/B09KMWCX72/ref=sr_1_1?crid=31UMDKHW8G1QA&dib=eyJ2IjoiMSJ9.CCDMf7ocg5INOC28eXt4JmNXwTQLqf6p4Wgu9GPR3U18SXWyMmXJoBkfUfNKr0I7VvbOeECYKcdaypN_BQEex6LHKUM-wPNx-5Amth12luJcmGtL3CHb4AjzcglDoVJJs3f06VF_REBhQChwX9SIEbsc1YhkdGoBaZOFtCr-1eOB1TMAyqdDRXuW5QqyFNU_Kcsk-h0CbqOmgYASqIevcXmP1vhquBsEcRx872feVYtQRT2mSk8KcPJMsfSR-8Qd8EVWal1GptWH6M2KNoGuIh5Z7GA-_EWSs90J0YZYUfg.Xsq2HOy7TvpzULgo46jzFtc59RGQYLP8m1sKPQVBkBw&dib_tag=se&keywords=RXBAR%2BApple%2BCinnamon&qid=1763529333&rdc=1&s=grocery&sprefix=rxbar-peanut-butter%2Cgrocery%2C766&sr=1-1&th=1,rxbar-apple-cinnamon.jpg,,,,,,,,,
rxbar-peanut-butter,RXBAR Peanut Butter,RXBAR,12,190,24,7,17,4,1.9,https://www.amazon.com/RXBAR-Protein-Peanut-Butter-1-83oz/dp/B0143NQVP2/ref=sr_1_1?crid=2YB7N0XXTVTY0&dib=eyJ2IjoiMSJ9.p5GfXkGyjoEUVY2Xi39yRlRGuaFItezV6EtlX3nFpwcrSF8OreErEDjf4PZwbdZzp8fmq5bF1xxVkYG0QZ5mSbsrNO5PuTXPeRZFM0d0npIBE1Kf28fe8unflsD_lPKFQAtAdcFJ38MUEV3zldEkWq9N5DqwIT0A66VWI2si1jQGC3iDxowlalfc407l7Et6CDrqVKng9sUZZqLTZaHdSGtyE85U1SLQ1njzFv41SZsC-Wlfj1lbmqN5jBY1CG_YxHQQwTK_bLoTkrByzDx2NKddiD9HTAmoTfBIEOre370.jVh75xH2kgIFY4vREmagLuazeopcLUTSUEXXSzh9QMg&dib_tag=se&keywords=rxbar-peanut-butter&qid=1763529308&rdc=1&s=grocery&sprefix=rxbar-peanut-butter%2Cgrocery%2C640&sr=1-1,rxbar-peanut-butter.jpg,,,,,,,,,
kind-protein-bar-dark-chocolate-cherry-cashew,KIND Protein Bar Dark Chocolate Cherry Cashew,KIND,4,170,22,10,10,6,1.25,https://www.amazon.com/KIND-Dark-Chocolate-Cherry-Cashew/dp/B087ZJLJC8/ref=sr_1_1?crid=2TQTICZQG7Q11&dib=eyJ2IjoiMSJ9.Pq2tCUS5VY6IDQ0tozlCffy1_vcWPnYyDN1TC7Jijba8zyRWrPP0oHJoEFqdlpG_wJJHVUUW-def0ncmxCpDO-7mxdmh0ukPl5eZrGMbPE_ors_T9JsaQZ3Vp-onWDi2OaWpDyzpm8Qwm5948MrYeZEfIas3sJ94QlSZg4HSBIQFgPfXN1rCPHYveSmrhTvSziVt9ni2Hg6FH8H9hVZr1UdDRDkNKvBr-bNymuyajP4liYbNhJT6WF8VX1d5rFML2wcc_ANgSB775_364z7Ch5P51OKPtzqvQOGWB-DCFjQ.EvtSx7zMZV-BDnrH-QHwNHcjOxCWU3zsj_4JPuw_PLk&dib_tag=se&keywords=KIND%2BProtein%2BBar%2BDark%2BChocolate%2BCherry%2BCashew&qid=1763529020&s=grocery&sprefix=kind%2Bprotein%2Bbar%2Bwhite%2Bchocolate%2Balmond%2Cgrocery%2C755&sr=1-1&th=1,kind-protein-bar-dark-chocolate-cherry-cashew.jpg,,,,,,,,,
built-bar-strawberry,built bar strawberry,Built Bar,15,140,15,2.5,8,0,2.5,https://www.amazon.com/BUILT-Puffs-Protein-Strawberries-Cream/dp/B0D1KD323N/ref=sr_1_5?crid=11K4X8UQBMI6E&dib=eyJ2IjoiMSJ9._h8wlAvPa3buCgRcxSXrJQddLPMw_EkofA5FPmwH8-0mnAGGNw9s1Vyb8AeNeMNu.wuBjhHCyuc4Wo4xpoqy-L6qsW8pLWiIoParcyZJNGV8&dib_tag=se&keywords=built-bar-raspberry&qid=1763529167&s=grocery&sprefix=built-bar-raspberry%2Cgrocery%2C530&sr=1-5&th=1,built-bar-strawberry.jpg,,,,,,,,,
iqbar-blueberry-lemon,IQBAR Blueberry Lemon,IQBAR,12,180,10,12,2,7,2.1,https://www.amazon.com/Paleo-Bars-Lemon-Protein-Bar/dp/B0876K3ZS2/ref=sr_1_3?crid=35ON1XRCH3GGO&dib=eyJ2IjoiMSJ9.rJcn0FSF6RPmzS_PF9zRMPBFxy1aL6z8G7DoVyk5o53Y0oILIqlY6tOeaZr1AIzYAa7uejqASbGB-V6U16Ap7l_IDbAaFN0CrT39fk-Mkl_Wrzwl36yi1EfOqSNkkHEcuRKRLSnFK1BeraEdx23ZZ06X7Ux5d8XszyNq-qy-aRgCFrRPiB3mTe8TypcFffMmkdY4Y8pcuv3SuVeY_eWHJ-_Bc6fS97cCuqDLOQHkBFqO4-GbwlZvbRMZKahjLQk2hbyT3tLs1YbKvYpSk-y8GPLi-Rc5DDbGENfdUKespRc.XACsm1p1mPN3BCjLIh-H9DyUrKW7VdKD09j38QkcxZU&dib_tag=se&keywords=iqbar-blueberry-lemon&qid=1763529364&s=grocery&sprefix=rxbar%2Bapple%2Bcinnamon%2Cgrocery%2C897&sr=1-3&th=1,iqbar-blueberry-lemon.jpg,,,,,TRUE,,,,
chomps-turkey-jerky-meat-stick,Chomps Turkey Jerky Meat Sticks,Chomps,12,80,0,3.5,0,0,2.5,https://www.amazon.com/Chomps-Original-Turkey-Sticks-10-Pack/dp/B0CCJXJQSR/ref=sr_1_1?crid=3NP030EY4AVOS&dib=eyJ2IjoiMSJ9.nL9QU_BTumiBJPx9GwkutFKflkByLaI8SH8cybsYh40Os2eqHsKm2Su3hQ3OumA7Nu1kcCG6bCqbW3eY3bhRMcgeQfGwtyFCYwkZLEtSZV-Qqn5UJvdAt5eGBFP2iZxz0O6-Up9WNi-yuurVMG-0tPrwfzNe_2eLXlCAJICOqjHjqX6LyPqByS8LrKFYgFDvZN1-Utbv8wUOiAF18Cmw2Rf25eEhxaW1lf5kuUPWGXzJqAJEXui-QxVL5lpIRxJo82L8bOq-YydGzE_clgsY-cQbXz20C_1iNluSZvy7qTE.H0n3K5b9Md_KMK9jv-ebRnMUH-uHyaiSMkmeq4o0HSY&dib_tag=se&keywords=chomps-cranberry-habanero-turkey-stick&qid=1763529498&s=grocery&sprefix=chomps-cranberry-habanero-turkey-stick%2Cgrocery%2C595&sr=1-1&th=1,chomps-turkey-jerky-meat-stick.jpg,,,,,TRUE,,,,
epic-salmon-smoked-maple-strip,Epic Salmon Smoked Maple Strip,Epic Provisions,7,80,5,4,5,0,1.9,https://www.amazon.com/Epic-Snack-Strips-Smoked-Salmon/dp/B01MUD20GN/ref=sr_1_1?crid=33WDE271XAMOJ&dib=eyJ2IjoiMSJ9.4Dm7WjXJK480PUddOMHiUfcC-i9ZhUmSvduiDjjkQDwJjI-NsCm2cUrCoZZzrMHjmKyIElCOqr4qjHoCAecioBw088K46IlFWw8ahJv9GhPpK5zOV6oJSKhhwqIYKGTpJ87ZNQ5EI0jTvI7BeKIJ1clpjTfYM8MpXfdvdaSIk5YVXlmZym744ARYCLEQqMsD.DRT_nbcSKu_uj9xkt-bdhWpvLkJ5opq0NYSNrI4vJIY&dib_tag=se&keywords=epic-salmon-smoked-maple-strip&qid=1763529953&rdc=1&s=grocery&sprefix=epic-beef-habanero-cherry-bar%2Cgrocery%2C747&sr=1-1&th=1,epic-salmon-smoked-maple-strip.jpg,,,,,,,,,
twin-peaks-protein-puffs-bbq,Twin Peaks Protein Puffs BBQ,Twin Peaks Ingredients,21,120,2,3,2,0,26,https://www.amazon.com/Allergy-Friendly-Protein-Mesquite-Barbecue/dp/B07KMKFHX2/ref=sr_1_2_sspa?crid=1GKOYZLALABOR&dib=eyJ2IjoiMSJ9.3PQRWA4N6C_AzwjPFkvHbQ.LLbtilDtmEye6uumsm8dc90CJ_bJSav2eFSpr_c4XZQ&dib_tag=se&keywords=twin-peaks-protein-puffs-bbq%2Bflavor&qid=1763530117&s=grocery&sprefix=twin-peaks-protein-puffs-bbq%2Bfl%2Cgrocery%2C742&sr=1-2-spons&sp_csd=d2lkZ2V0TmFtZT1zcF9hdGY&th=1,twin-peaks-protein-puffs-bbq.jpg,,,,,TRUE,,,,
quest-nutrition-protein-puffs-ranch,Quest Nutrition Protein Puffs Ranch,Quest Nutrition,19,140,4,5,1,1,2.3,https://www.amazon.com/Quest-Nutrition-Protein-Chips-Cream/dp/B07WNVFG56/ref=sr_1_4?crid=1PMMMBHD3HUSA&dib=eyJ2IjoiMSJ9.ORvQ6YaNPJrFuL2w4SntUeKis0LPTFbcxtMbUKVqsCyPWEOtPaY_NKAi8vgUXWjWwzWLy1Kri49PcFaBYiAsNE61xuuzrUHcT_Qa23rW68hJJVrxb1oHPhpX-MHRj5mfBkgju9WYdsLMLFVmihx5uN37C_LUhM9UCbxUjEaoGkBpmE5pdJVyAaWiYuyvhDCbpJKb5wrIur9Ukj_3OdWDXXCQzQOiFMXRur3IuVXaXP8PSX-cvJFfircOZtN4fpt8LOspYvIhxD0DQHkqfnW7JJ8iMI236XWQyzYq8JbOaP8.kNpq8wKMsWnlNBIoiAqi1mhiyX3x9kXAbsW5Qbqt3t8&dib_tag=se&keywords=quest-nutrition-protein-puffs-ranch%2Bflavor&qid=1763530292&s=grocery&sprefix=quest-nutrition-protein-puffs-ranch%2Bflavo%2Cgrocery%2C341&sr=1-4&th=1,quest-nutrition-protein-puffs-ranch.jpg,,,,,TRUE,,,,
magic-spoon-protein-cereal-frosted,Magic Spoon Protein Cereal Frosted,Magic Spoon,13,140,4,7,0,1,14,https://www.amazon.com/Magic-Spoon-Cereal-Frosted-1-Pack/dp/B09DMPMN4R/ref=sr_1_1?crid=2V2MI18BJCSW3&dib=eyJ2IjoiMSJ9.wEZnm6NOq8K66nGFVJ4MUsgFuZI0E1RX7lwXIaXXNUXBUYicXkYpOCqQNsXVticrJRLpopoo1mlaV-V3AaJYDlmLsx4PlgCV3odSHi8LNBVujo_3edbPahIeg43Cbyyi8ZlSGvi7KYVfQPqejQXMme_ZQH3Qa5w-FU6UIefF7Di88pVN2qI0OElNaLov7MXXkXbs8W8J08sXBI6rqb38hnOTBN0eIGErW7849eBQd7a3bXPz6BijQpg_tFobd_TOlOvF1BVT067sNJnZX5z1Eg2XlsdVTQYOBCixdinDri8.KSOf-ZD2dJUwVeucDYwge7c25ot0K4E7Bk5-FtYiS_4&dib_tag=se&keywords=magic-spoon-protein-cereal-frosted&qid=1763530456&s=grocery&sprefix=magic-spoon-protein-cereal-frosted%2Cgrocery%2C274&sr=1-1,magic-spoon-protein-cereal-frosted.jpg,,,,,TRUE,,,,
purely-elizabeth-protein-granola-almond-butter,Purely Elizabeth Protein Granola Almond Butter,Purely Elizabeth,6,170,8,13,4,2,6.8,https://www.amazon.com/Purely-Elizabeth-Granola-Vanilla-Collagen/dp/B07RB7KM5S/ref=sr_1_2?crid=2CTDMT4HUVK2S&dib=eyJ2IjoiMSJ9.LhZTTkEMSjEYLGr8f6Zw5Z4ekYtGT0RvyQk-Sljvq2skAyITfeXNsMnPYnRk1LQPp_1fbapbaC2RJnYr6xUmkip-_a0ImZ8r04fxCE3Or59xv19dbZnUZRlX7M5DPX4X94CIMiiYVRc21iNIhRoEfJ6D8_0Qfse5BlN47AcLinZYUIdcPNVxRExVrmPwgcu_JNGmRt-Xkv5awuF24SzWNuJAAdHgZwnZA44z7-Cbwo-tD_EczHj3rW56Q9_OXFMAb6_vJk-I-NNDzOhYpKO0GUTtQT4E8Z3BVxI-3DjemhQ.cEs64PAAve-uUp70_izX81vGV37Mxjl5fCXi3BzGAPs&dib_tag=se&keywords=purely-elizabeth-protein-granola-almond-butter&qid=1763530534&s=grocery&sprefix=magic-spoon-protein-cereal-frosted%2Cgrocery%2C845&sr=1-2&th=1,purely-elizabeth-protein-granola-almond-butter.jpg,,,,,,,,,
lenny-larry-complete-cookie-protein-chocolate-chip,Lenny & Larry's Complete Cookie Chocolate Chip,Lenny & Larry's,8,220,35,5,11,5,1.8,http://amazon.com/Lenny-Larrys-Complete-Chocolate-Protein/dp/B004IJM4OY/ref=sr_1_1?crid=3OKGF7AOGJJ14&dib=eyJ2IjoiMSJ9.08eQzausB7y_rSq1mKo-zpvF_2XKNfj3U5_CqQnCIFtEKAdZmO89DETQwnSYZDqnlz5CFP20Y_vLdN4ZRjVqGr1b0oUwFx_LXUW4X8KY3_qoCFsbzwc4LPYYb8F9pJuP--0oJlN6uMbAzFd5HXC0xauRDVjnEAShCJbZ8bhXJvuslYqgSVoLbDa47VZNivTw12--D3t4svsWwuMbv6E2ZFa7kA7jJxkGRRrBcmwW-UFGTTt2XykXpnCTKniBDfC2iCuN3Ov7lyAXYRv-Mvxy1MH0XxYonyHG_S5wSuroHm8.Oz1M4V8j36_GRPtZDUiwSoCRjuFutPCDeRKYZHoeFso&dib_tag=se&keywords=lenny-larry-complete-cookie-protein-chocolate-chip&qid=1763530627&s=grocery&sprefix=lenny-larry-complete-cookie-protein-chocolate-chip%2Cgrocery%2C573&sr=1-1&th=1,lenny-larry-complete-cookie-protein-chocolate-chip.jpg,,,,,,,,,
one-bar-birthday-cake,ONE Protein Bar � Birthday Cake,ONE Brands,20,220,23,9,1,8,2.33,https://www.amazon.com/ONE-Protein-Birthday-Cake-Count/dp/B07CNGQ5BN/ref=sr_1_5_f3_0o_fs?crid=VPA68WHUJJPW&dib=eyJ2IjoiMSJ9.6ZqTeO5ROOaRbSaFJ7vs1L_yZXln2SuzORerAZpLtQz9f0kwfKOECqQw-xkeriWqzuLx9hXa1NekuciL3rdGjwtheIlexCrZmZdzye9UPfkqz6-SpwWbbSRSRpDnmAiWG6HkWt8G_paoCK2aqE7CpXKWVks_dK19OT96TDqMqfY6JYu_VNXoGnM6ta0nNhdYlAtHTdrZP9iZMv5GHoTeyjOu2aGKgavF2kbmY8eltsxdU4lzFg1D-vAiKbfCZNJC77maC0EUO-sXZqJHdjkeuFnW0v5fkluiZTyfdaFSX9s.hG_Jx0O58YyG4DKV6n5v2Xr6eE087914J1UjOHv6z0U&dib_tag=se&keywords=one-bar-birthday-cake&qid=1763714356&sprefix=barebells-cookies-cream%2Caps%2C417&sr=8-5,one-bar-birthday-cake.jpg,?,?,?,?,TRUE,?,?,?,?
barebells-cookies-cream,Barebells Protein Bar � Cookies & Cream,Barebells,20,200,17,8,1,3,2.08,amazon.com/Barebells-Protein-Bars-Cookies-Cream/dp/B08KWGDMJW/ref=sr_1_1_sspa?crid=SY8CUG2EH44I&dib=eyJ2IjoiMSJ9.OCpS7NkckeUYu8L58zzt_iJLi6uld_ncDp4Utr0p88RTzwqZ3aJW5Ev846aVoXhjLiN7GtE3U2IThV8EHAB5d0nxtg0yEiLnkTmcVcIYAU6I65fuoy1qlq4ayIoQFp-Ys-lj78xEpha2H26Ad2IxZeHMz3cy8j8f8fC6PVj_1mASPV-t_gT673mBRXsBQKBxMomeU47c5iVL95kwL4xj4SvjPyoFJBllmEgjX442d2TfXNrQfhqAKIcsvJXgX8xwRAcbNjFmKKVHnQz_jlMhU_XLS44py6T6HNjoQpUVf34.AlFIxeinrXdaAtFZy34zBSLQFO7foMqncfGkOZzleD4&dib_tag=se&keywords=barebells-cookies-cream&qid=1763714343&sprefix=pure-protein-chocolate-deluxe%2Caps%2C365&sr=8-1-spons&sp_csd=d2lkZ2V0TmFtZT1zcF9hdGY&psc=1,barebells-cookies-cream.jpg,?,?,?,?,TRUE,?,?,?,?
pure-protein-chocolate-deluxe,Pure Protein Bar � Chocolate Deluxe,Pure Protein,21,180,17,5,3,2,1.18,https://www.amazon.com/Pure-Protein-Healthy-Support-Chocolate/dp/B00MNXGSAI/ref=sr_1_1?crid=3I7I3VJHRZFED&dib=eyJ2IjoiMSJ9.SQ5dkDmLqcyUbKMqmtOTYlR0x2V2AaUe-sKSfjMsZr_TO2pI8r0ukf-asE--CVvdHx2sP1CVlS-R1aiaSb4SUqs5vT_gYK1fUTS_trQULNCOBwPAITVAbU2ajeHn-_ga7dJbuvFxoXuEw6oAQqSCSWyBWv-yz4ACwCm7FQ_pGE-dRmT0VKqq9HFBQZl6YorsFCRlqT78lznC8ZE2Pqaqth3s6lMrMJK4whr26dgIrPT3CrjeSypR8qgIcDIpelgLyyFWeYzLLYjCms6w1pOXQ2odUrs4pP-NNhbMqTQHFfA.AAl3KuwXbQE2Bu3XJD7BdfX89uICNdSk9dPnq98HyYU&dib_tag=se&keywords=pure-protein-chocolate-deluxe&qid=1763714325&sprefix=built-bar-salted-caramel%2Caps%2C351&sr=8-1,pure-protein-chocolate-deluxe.jpg,?,?,?,?,?,?,?,?,?
built-bar-salted-caramel,Built Bar � Salted Caramel,Built Bar,17,130,18,2,4,6,2.08,amazon.com/Built-Bar-Pack-Protein-Energy/dp/B09M96KGNJ/ref=sr_1_6?crid=6D6AIZWKT806&dib=eyJ2IjoiMSJ9.dgiVjKBxAbJqhe1XO96kUqO1YzvlCU6hXvF16irbdxm8x7WQqpYiHv67UROWBZqKUUU-UIi2BMYTzYJ-mxcCQjjE7HeZsK1pIEy2cH2qcrT4GkcnFwLPXqaWBq1F9QMwkvM62tU9ZsdK7F4IcYk-Ww.uQO72bvuO3UULqYMA6phCNtJewG-uqmz_KZhvFCh7mE&dib_tag=se&keywords=built-bar-salted-caramel&qid=1763714307&sprefix=think-high-protein-brownie-crunch%2Caps%2C362&sr=8-6,built-bar-salted-caramel.jpg,?,?,?,?,?,?,?,?,?
think-high-protein-brownie-crunch,Think! High Protein Bar � Brownie Crunch,think!,20,230,24,9,0,1,1.5,amazon.com/Protein-Isolate-Nutrition-Artificial-Sweeteners/dp/B0B17P5N3D/ref=sr_1_5?crid=1HIYQPTXK8CHE&dib=eyJ2IjoiMSJ9.j3erydLnrwfSwyIq_kAGXqlCgb0C_JxIzrUTJDcqJykoUSWc0BOTOgv-DVszoaDiTXjoXUSyfrRZo7Y09lP1-jFGvHu1KyaLwAekIDrtH5nanQvTM44iOgq9jKXg7fMoI5hw4o7vEOfSmsjDIbDOH6jhYChA9HotnCN6dmbcVlr4qCBbsKrK6e3clYuvUcDmuyrLPfTyQc4ELwU_RKxr1H0WjtdgawgAAi8ZFFOMtkmb1f0y60gEoxrHExmHtoDrvUCaD1OQYPp-HgCVkBh-ccggo_3Hqz7IxR1Bg_a-kg8.iwPD0ifQyCan1Fhlv6syz2am-2yox1Uc3U6pcBURv0I&dib_tag=se&keywords=think-high-protein-brownie-crunch&qid=1763714285&sprefix=think-high-protein-brownie-crunch%2Caps%2C350&sr=8-5,think-high-protein-brownie-crunch.jpg,?,?,?,?,TRUE,?,?,?,?
fitcrunch-chocolate-peanut-butter,FitCrunch Protein Bar � Chocolate PB,FitCrunch,16,190,14,8,3,2,2,https://www.amazon.com/FITCRUNCH-Protein-Gluten-Proteins-Crunch/dp/B0FG8BZ4RP/ref=sr_1_5?crid=1HI2KGQPXB1JQ&dib=eyJ2IjoiMSJ9.NKnGzQ3TGTMF_kMsDgsC2CmInBpScJAbKBp_VXfNHGSv3TQebi2qUx5BBIJoPn_Co_ybYvV9rMCMzUWY5elCG-HpnPYra8k8RDj669agvnLKAP9SCBLLXmoGGyoGXdXyaUCZ8_OdVg-pyU7KGRRTy1AWLq3pOzp7wMTOhsAA6WhCZL1aZuoHJ43m-Tap_Bg0X34eeEv12uyrwZ_35_E4X2tqVwU1RSVqPrKWIzka_oJ1mJdrS4ZYtFcq6iWCKuP4UbWCIYSoFVIjcuvR-xlXVP1cGNa-TvviUxKDgBNHHQI.do5jVKluBqvSOSNgE4IYTMZ5SMNKm-5LAijVlQ4FciY&dib_tag=se&keywords=fitcrunch-chocolate-peanut-butter&qid=1763714256&sprefix=wilde-chicken-chips-buffalo%2Caps%2C358&sr=8-5,fitcrunch-chocolate-peanut-butter.jpg,?,?,?,?,?,?,?,?,?
wilde-chicken-chips-buffalo,Wilde Protein Chips � Buffalo,Wilde,10,170,6,8,1,1,2.49,https://www.amazon.com/WILDE-BRANDS-Chicken-Chips-Buffalo/dp/B0BFKCLNYQ/ref=sr_1_6?crid=16NU8CM297RTR&dib=eyJ2IjoiMSJ9.Xz6TWEOGPkbpnZHvh0ludo_DtbZAp7vuWTcBUYeN6a9M053ROlmBOEtBe9zVo97JHD2XL-0ESIeWiax8TzqJ-BKpY_yLgxSFTwE_aE2MoN2WaMTuuP2tsG4m6hYkm3cjWp4MxeJvAhXrjgyHg3K2hZdPN9ZpwdJ9a35kiEuOclRqwdoQPLDj91NxafoCah1xJ_A5ZQSo_5HVnJjIwwwee_MZm4acDrefpa4aF4NuEiN6AaXuW5wPzQL2rOl7d4PxcPLC248e2WNE8TCbl2noMHoCVqadQCO867310f9YKPs.P_abd8Z1xCW5aclETUIU4K5Exmx9kN_dNf8qNOW0FbI&dib_tag=se&keywords=wilde-chicken-chips-buffalo&qid=1763714237&sprefix=wilde-chicken-chips-buffalo%2Caps%2C335&sr=8-6,wilde-chicken-chips-buffalo.jpg,?,?,?,?,TRUE,?,?,?,?
no-cow-protein-bar-chocolate-fudge,No Cow Protein Bar � Chocolate Fudge,No Cow,21,190,26,6,1,14,2.33,https://www.amazon.com/No-Cow-Protein-Chocolate-Brownie/dp/B01K5SBEJM/ref=sr_1_6?crid=11IQEGJGP7YNV&dib=eyJ2IjoiMSJ9.1iiYN-ksCEUp2fvAjZOob2mxdu1dEemQW3flYy7GiDXXhtKX-uTomEa8gU01UQEBKeWuYCyMtWJJfrMG7MEIkWVSUACOoZmrlo9XCGm8YwMcycCLzh7nZU-BmaU46CKsKggl9SHCCpKRXhCxPlcMASfrUHkaxm2ulDRMRHPlsa9PnhVvcfUQNTUg9lmEmKuJbuRraG9HAanL-e9fMOC4zio0wrkGhv8iunsGtIKxOuuRsWxAFZU8w1KvibOuOxS0nNA6IjhpebVBNEa5s3qaHuCUS_BxkUxQ1s_QPf-krCE.IzyfWz8FtcOEx6kdZ09Jb-ktOghJWhyMkY-XleQNPTk&dib_tag=se&keywords=no-cow-protein-bar-chocolate-fudge&qid=1763714214&sprefix=no-cow-protein-bar-chocolate-fudge%2Caps%2C357&sr=8-6&th=1,no-cow-protein-bar-chocolate-fudge.jpg,?,?,?,?,TRUE,?,?,?,?
atkins-protein-meal-bar,Atkins Protein Meal Bar � Chocolate PB,Atkins,16,190,19,11,1,7,1.5,https://www.amazon.com/Atkins-Chocolate-Protein-Replacement-Friendly/dp/B0BZDWKDT1/ref=sr_1_1?crid=1I7B1D07TLBTG&dib=eyJ2IjoiMSJ9.MdLjzXXVCi0gqx93ULdzIUQIxPe2IsKkI_WBQDLP8ZV00IOG57mVPCe_tDP9R42bR56E-Prf9ZXHSXK63uf3MUtK0jUFWPtmuAFD05_HTltuRU_fl11AUH59mx9S0qWIXSZEBBCdlFqG08SFBXSJXPm0PLxA6GnK5p2SAWgmtjbzb9NziQl9QtSD963uvvtEHxwZon8lPsmfcLEMFK3kU6fjVFi4S2wnfkgPjFWlWHX5ZIXHbjlBuHpNZSxbghkvrilkx7ZC3Q7x6ZEbW2QD1fL18YEx2gOC4LCJowCQuK0.TrjwwrCf9fs5w3NezSPLMqDewfaD66Ye6spnbVS9PY8&dib_tag=se&keywords=atkins-protein-meal-bar&qid=1763714176&sprefix=atkins-protein-meal-bar%2Caps%2C354&sr=8-1&th=1,atkins-protein-meal-bar.jpg,?,?,?,?,TRUE,?,?,?,?
quest-protein-chips-chili-lime,Quest Protein Chips � Chili Lime,Quest,21,140,4,6,1,1,2.33,https://www.amazon.com/Quest-Nutrition-Tortilla-Style-Protein/dp/B07RWP9HW5/ref=sr_1_1?crid=D1O0JC4TYPOZ&dib=eyJ2IjoiMSJ9.ZrRbz2OouHul7H8K8tShGNAxSsThWMxEFVsM30sUJiWVRZ9Ywg0xpd5YUjC4caMAqkMSCRrMHt26HqJ8rGRw8ozthKaMbGnmlXJor-SXqihwt1mEXGFZ7JvLEgH4L3ryJr5d2szjp3rGDsCLcm-BCisCyYCeo8IP86AUtu_aDyeN0MDGGywy5YWMz1ie40RYBwMZTHTzQQJDcLgjDRMFnOf7wPxYjohHY1ZlPOOpdX8ka1RRPQ4t0ATddeARd76bsj9GdHnN9q-lOyBgUZnokbYEK8Iz8D3i4GELDRdv6HQ.tH_zanviq91TQfmc9Bctu4kuoo17KqFlKH4bgzd9SF8&dib_tag=se&keywords=quest-protein-chips-chili-lime&qid=1763714156&sprefix=quest-protein-chips-chili-lime%2Caps%2C340&sr=8-1,quest-protein-chips-chili-lime.jpg,?,?,?,?,TRUE,?,?,?,?
,,,,,,,,,,,,,,,,,,,,
,,,,,,,,,,,,,,,,,,,,
fairlife-core-power-elite-42g,Fairlife Core Power Elite 42g,Fairlife,42,230,8,3.5,3,0,3.25,https://www.amazon.com/Core-Power-fairlife-Protein-Chocolate/dp/B01DDIRDZA/ref=sr_1_1?crid=1A82B1D5TBXSE&dib=eyJ2IjoiMSJ9.rbYn8pEgazUESBm0lin9QOE6Mqbl00QdYbglwr0lG8zQirDlaRBNYMQFVT1pCsTIeckSqyYzvbk3lWvXsz6V-irHXL0Z_8NxjJL9sk6IMrHaTWr5QQLMxwv5t0_8dsr4XThIZplVNg5iwGIAN9xZ6Ee6fDiYC4OZDfuFsChOyZvRf4zNyfw2y4pEsGgZDJS6rUcNR718MM16iTFvO7CrvP-Qn5utt2FEXZPcvb5ZR4i0SpCS6uYPQlCjS81CxBwmvNv4b6BJqJCan65_2ZkeAB753tmgE0DE4JNMNvI0y1I.GB3JMJGKDQt0Pb7qa_JwnsKScpZNzmXkytSKYhMiGVo&dib_tag=se&keywords=fairlife-core-power-elite-42g&qid=1763713624&sprefix=fairlife-core-power-elite-42g%2Caps%2C336&sr=8-1&th=1,fairlife-core-power-elite-42g.jpg,?,?,?,?,?,?,?,?,?
fairlife-core-power-26g,Fairlife Core Power 26g Protein Shake,Fairlife,26,170,6,4.5,4,0,2.75,https://www.amazon.com/Core-Power-Protein-Shake-Chocolate/dp/B07LD2NV9X/ref=sr_1_1?crid=2DDSMC1T7K7VO&dib=eyJ2IjoiMSJ9.vgBltv131QPzt2WW3glXMqNJqS3yvsQq6PiBghPW_ZSZ49hve0TugA7pT2ZzWIFg5ra4jyFmmOjUlUvQSzpW9hi2jLXVtw3hP2mBSk-gUDpEBGH1QIvmwI9W_mhMrLt_fC_Gz0jPY8caQS7cKuMNcL_SS4u7luaoj6Hvm6uzrxHWno4L7j3DXxClI_KB_G2YD-5PlfaG9yjCvw708SCDenqI3amnmA-8XPsaI_ad-5P8aRzYJf5a_ysT867eT3eEnsIM7ZgclCrnKMUm9eozaMrDcjbimomLFHFULDXXjEA.P_ZuTnvhqK_MPou7pfFGq0k9uUnxyNcphZKjllWA3dg&dib_tag=se&keywords=fairlife-core-power-26g&qid=1763713671&sprefix=fairlife-core-power-26g%2Caps%2C315&sr=8-1&th=1,fairlife-core-power-26g.jpg,?,?,?,?,?,?,?,?,?
premier-protein-chocolate,Premier Protein Shake � Chocolate,Premier Protein,30,160,4,3,1,1,1.83,https://www.amazon.com/Premier-Protein-High-Shake-Chocolate/dp/B008JGIZGS/ref=sr_1_1?crid=2T5A7UNAWNNDR&dib=eyJ2IjoiMSJ9.DL6HwkewZyJnz6Ah3ebZikXaBg31GZs8cMx5aJ9HgKe4HjvyueXrE57PBLHNjtgUo4fQSRf4b0wUAWgpjnNBQ6_4LYC9f-k4R-w8D95g3hbefQs0bz97yr8D11U4SKYm8mQOzMaqE_VukC-BKQGl9NgkLz-SCqW8oa7yEBMou0_wTnfvs5C_OzNdCZw2XNwP20jA5dNw-77NIJ872wio5sEZcbKI0OC-eBBBCw6-oV1soO3ikJOyqfDrEtUYDlpVJ0uQNgf1XimPXvQmMkTPtny3A90Fp9BD_YgZw0Nrc6w.-6gn6kPABW_A7jTM-_AQNJTgurAjDztXaYnJTvG6tS0&dib_tag=se&keywords=premier-protein-chocolate&qid=1763713703&sprefix=premier-protein-chocolate%2Caps%2C326&sr=8-1&th=1,premier-protein-chocolate.jpg,?,?,?,?,TRUE,?,?,?,?
premier-protein-vanilla,Premier Protein Shake � Vanilla,Premier Protein,30,160,5,3,1,1,1.83,https://www.amazon.com/Premier-Protein-High-Shake-Vanilla/dp/B008JGIZNQ/ref=sr_1_1?crid=140S5NAB2KQ8N&dib=eyJ2IjoiMSJ9.xghfKHcmED_QSChSxdJNsRMd6VFOO_CDwu-C_wX1xNH3rKjdvZf8IrBlN5XGe5EV4qB5qcPbX-qJLPnnnWa7q0Ex8NAb-cl0m4NpEn3YhApOBpPvyudMDdNEpzQiOjcX0VtMh0nkIVGvpaL7JQjKes-3amPTmXlQOXksljd50KYRCj_dRQlYz5uYdbhg8KEv76_8o1UixbpX0VesCbrKorIkqH8Htp42eTXMui7zSDXWsCwGX--Kd8DFOTzJGg3MMOvOkMPkWujPnD3e9xuFYZnaArbWgseK1DCNjfiOyKY.13XiCHsmNjHAPoZvAVKRYkAuzGs9W3tWwp6qOF4VQ80&dib_tag=se&keywords=premier-protein-vanilla&qid=1763713743&sprefix=premier-protein-vanilla%2Caps%2C353&sr=8-1&th=1,premier-protein-vanilla.jpg,?,?,?,?,TRUE,?,?,?,?
orgain-clean-protein-shake,Orgain Clean Protein Shake � Chocolate,Orgain,20,130,11,2,4,2,2.25,https://www.amazon.com/Orgain-Protein-Creamy-Chocolate-Non-GMO/dp/B01CI57V2O/ref=sr_1_5?crid=2IBXDHPX69BKJ&dib=eyJ2IjoiMSJ9.W9Qf6Vv00Iv9EkdFOVOGMAEoMSTf5FUziJZWyr7Hr6WMh-p5uyiy56yiE_juVvjYYB5cV4vb6R4FdfRzu60y4y1TjjMs4sex6DE7eBhNIwX6YUHFkWDmzYzp11VmZvN-YtyARvGEMI8FOPmAo3hIV6OiAb8ZbOhpDnI5twJNqsRaifj4KlhSywCrLMx8YnX7dY2uXRhAeVp1rGIlvgYWgTKp2qVj1qJuNPbpmcXLdFmFqILAGRLIXModLxkxT086F24wN0InIjZH-mszdEwS4lALwAOajjDjnvVhk1iyur0.uCDuostmOXdEgGT0sRHk6rZeQoq_7nsMizQzzzLJUTc&dib_tag=se&keywords=orgain-clean-protein-shake&qid=1763713773&rdc=1&sprefix=orgain-clean-protein-shake%2Caps%2C329&sr=8-5&th=1,orgain-clean-protein-shake.jpg,?,?,?,?,?,?,?,?,?
pure-protein-shake-frosty-chocolate,Pure Protein Shake � Frosty Chocolate,Pure Protein,30,140,4,2,1,1,2,https://www.amazon.com/Pure-Protein-Complete-Shakes-Chocolate/dp/B07ZZCM9SZ/ref=sr_1_1?crid=2SDLLXHHMO58J&dib=eyJ2IjoiMSJ9.HWlQs4IPkYBdt4WUxsj1dzTSRPpHC7q7EAM64MEpzA3Ri69NMD6jfJi4AdCnt6NmW2uhMxS6xGdk6dAxC9mv3g_mSCbDAL5sluLopZj9Q-NAph0x3-5_d2UxyLbohiQ1_fI1wBl1DDRQGGR0i7sJQteETYb4w4GdrJbQjJkzPGo7Pll-mGrh51-Pa6P-wUHb2niJnIEyXVzmfWADxNFpill4J2C7HJuO5mAz_qN0SK7xHAihRuJQV4ZaRZuSqCiXZnjTR9Y3kHoE4GdzRKWNszqR9DuFTDSEn5OhnZCF5GM.N5qsWVQUQ8ABidF47C2YAWUUlOt5376ECwdlGVQENpo&dib_tag=se&keywords=pure-protein-shake-frosty-chocolate&qid=1763713845&sprefix=pure-protein-shake-frosty-chocolate%2Caps%2C373&sr=8-1&th=1,pure-protein-shake-frosty-chocolate.jpg,?,?,?,?,TRUE,?,?,?,?
muscle-milk-pro-series-40,Muscle Milk Pro Series 40,Muscle Milk,40,200,7,6,1,1,2.16,https://www.amazon.com/Muscle-Milk-Protein-Intense-Vanilla/dp/B00FLVZA3U/ref=sr_1_1?crid=1X53FDGT9QXK0&dib=eyJ2IjoiMSJ9.JL41p-av9mPb2P4z384EPo7P03ZXOxRkPpYokrlZnaLz9dmFqlSjZ1fUrvekM-XXqabYU-kjCC9-Izi1ycWf1wLifXcXMMqJpYH0Dlj6bvYF0Ll3PMx1Ctkj61Vh58zwNk5796K8WOIUrAVhE7OTOCUUqaV9I7BjT_9rGYkgHDmMXzHEzxbkk8gIn5iulDtT2FQX91qE01cUclBW6vbasfoGoBDpiH2iF_CvrrWzPLbXilFgNLXj7IflZVAQooDA5NTlGjHtKvE0mRVw1Q-p_uRpSy2r9gp-5cAF2WvK_uQ.vwXN8exNZ08XNwrUonHn86fDALambk31IVTjSHPnCgQ&dib_tag=se&keywords=muscle-milk-pro-series-40&qid=1763713936&sprefix=muscle-milk-pro-series-40%2Caps%2C327&sr=8-1&th=1,muscle-milk-pro-series-40.jpg,?,?,?,?,TRUE,?,?,?,?
ensure-max-protein-milk-chocolate,Ensure Max Protein � Milk Chocolate,Ensure,30,150,6,1.5,1,2,2.25,https://www.amazon.com/Ensure-Max-Protein-Nutrition-Chocolate/dp/B0791Y2LMB/ref=sr_1_1?crid=1TL4EBT56KAIR&dib=eyJ2IjoiMSJ9.EipUMym8Ej8OwAjTUSvPMZgDbt3Izc1N37RVzqK-41zfvk5AMzFYYi26l8ENsZyiVW06vdXdQuGcuWNkmbcCy2_SbRQ0G7WS5xERcr1utXxCGTdvKCq5KzgX1NQjdbRNJYUnLRx6z-02qTMLq_lUUpJd-7n2pqEcHECf8K2s4_PCs12MY7aK2-pIAdVkvzAksxt4b0aKI3yskXbpp6rcWfD54XJjeWgdvDs4eRb2BmD_EFYgqLG1ZidQYGEBmvN5RXBtnwI2cj4WLLbQoHDx-83YDnlw-YmSsMIaaOd-3dU.dbp8KUioiVT8FA76Z59_2AkD0kLzkCUghxeb5F_YjMM&dib_tag=se&keywords=ensure-max-protein-milk-chocolate&qid=1763713993&sprefix=ensure-max-protein-milk-chocolate%2Caps%2C318&sr=8-1&th=1,ensure-max-protein-milk-chocolate.jpg,?,?,?,?,TRUE,?,?,?,?
owyn-100plant-protein-shake,OWYN 100% Plant Protein Shake,OWYN,20,180,10,7,4,3,2.5,https://www.amazon.com/OWYN-Only-What-You-Need/dp/B08B7B3CF8/ref=sr_1_1?crid=32GFEZYG7DFHK&dib=eyJ2IjoiMSJ9.WDuCjI_ATOKhrJSHqyb6Seo-rli28lyW3479ZcWne-INArOFxKt_ufNq6-GjltlWO_lDG3znTmR8cBVhQp8Os_t_D7Emspw6KTB-_IvDzUDx4MFGGgOQjqllL7oBdi4R-HttJCjkmtyRedz4xuoWXtLDAjNygW5-MuxtB3Emk5JinCc9e36w9fQfxnPFjABd3hN4aCsy7lOPTuP61AxwLbxyteJwtgH8MZKI2W8_oLuVgngT_MOOQe8I_vQxDDxvxGG4ke84jy8j8M3v5Ue7EyC0U6d8_WUwKLxY-0fc69o.ZC3ygly9VJ6pPoeg5qX_nDO-jKvyCa1eJDhHlTW3P2s&dib_tag=se&keywords=owyn-100plant-protein-shake&qid=1763714039&sprefix=owyn-100plant-protein-shake%2Caps%2C321&sr=8-1&th=1,owyn-100plant-protein-shake.jpg,?,?,?,?,?,?,?,?,?
iconic-protein-shake-cacao,ICONIC Protein Shake � Caf� Mocha,ICONIC,20,140,3,2.5,0,4,2.66,https://www.amazon.com/Iconic-Protein-Drinks-Cacao-Greens/dp/B07QNZM51V/ref=sr_1_7?crid=KXBWWVWMG6CE&dib=eyJ2IjoiMSJ9.iEI9yekhsLUGAS_c9OEF9H-Z-_kI5UbpBBoAZRnx2HegZtwig_Ijp3r-BzXh_T0nq1W2tkVq10CTnsc3XL3ln69cMkyDZuESSOij2u0LMosg_fzLPiHACYAOv-5iFR9G.J3v0awipc2wOjZU9Q04dwRLxwToeVWl1DhoKIZ0BLt8&dib_tag=se&keywords=iconic-protein-shake-cacao&qid=1763714078&sprefix=owyn-100plant-protein-shake%2Caps%2C405&sr=8-7,iconic-protein-shake-cacao.jpg,?,?,?,?,TRUE,?,?,?,?